<?xml version="1.0" encoding="UTF-8"?>
<!-- Changed by Denodo Technologies on 28/10/2019 to modify version number -->
<!-- Changed by Denodo Technologies on 14/05/2019 to modify version number -->
<!-- Changed by Denodo Technologies on 29/03/2019 to modify version number -->
<!-- Changed by Denodo Technologies on 27/12/2018 to modify version number -->
<!-- Changed by Denodo Technologies on 28/06/2018 to modify version number -->
<!-- Changed by Denodo Technologies on 19/05/2017 to modify version number -->
<!-- Changed by Denodo Technologies on 16/01/2017 to modify version number -->
<!-- Changed by Denodo Technologies on 25/08/2016 to modify version number -->
<!-- Changed by Denodo Technologies on 17/07/2016 to modify version number -->
<!-- Changed by Denodo Technologies on 10/05/2016 to modify version number -->
<Configuration version="09.03.0505" formatVersion="0.4" vcversion="" toolset="">
  <title></title>
  <x86 disabled="no" use_libpq="yes" use_sspi="yes" use_gss="no">
    <libpq version="">
      <include>C:\PostgreSQL Libraries\32bits\include</include>
      <lib>C:\PostgreSQL Libraries\32bits\lib</lib>
      <bin>C:\PostgreSQL Libraries\32bits\bin</bin>
    </libpq>
    <ssl>
      <include>C:\PostgreSQL Libraries\32bits\include\openssl</include>
      <lib>C:\PostgreSQL Libraries\32bits\lib</lib>
    </ssl>
    <gss>
      <include>defaults</include>
      <lib>defaults</lib>
      <bin>defaults</bin>
    </gss>
    <setvcvars></setvcvars>
    <build_macros></build_macros>
    <runtime_folder></runtime_folder>
  </x86>
  <x64 use_libpq="yes" use_sspi="yes" use_gss="no">
    <libpq version="">
      <include>C:\PostgreSQL Libraries\64bits\include</include>
      <lib>C:\PostgreSQL Libraries\64bits\lib</lib>
      <bin>C:\PostgreSQL Libraries\64bits\bin</bin>
    </libpq>
    <ssl>
      <include>C:\PostgreSQL Libraries\64bits\include\openssl</include>
      <lib>C:\PostgreSQL Libraries\64bits\lib</lib>
    </ssl>
    <gss>
      <include>defaults</include>
      <lib>defaults</lib>
      <bin>defaults</bin>
    </gss>
    <setvcvars></setvcvars>
    <build_macros></build_macros>
    <runtime_folder></runtime_folder>
  </x64>
  <BuildResult>
    <Date></Date>
    <VisualStudioVersion></VisualStudioVersion>
    <PlatformToolset></PlatformToolset>
    <ToolsVersion></ToolsVersion>
    <Platform></Platform>
  </BuildResult>
</Configuration>